Month,Date,Year,EventName,EventDescription,Link
SEPTEMBER,10,2018,Incridea,We manage your social media so that you can focus on your business. We have two sets of packages to help entrepreneurs in different stages of their business. Do you need basic management or do you want to take it to the next level?,www.google.co.in
SEPTEMBER,10,2018,Incridea,We manage your social media so that you can focus on your business. We have two sets of packages to help entrepreneurs in different stages of their business. Do you need basic management or do you want to take it to the next level?,www.google.co.in
SEPTEMBER,10,2018,Incridea,We manage your social media so that you can focus on your business. We have two sets of packages to help entrepreneurs in different stages of their business. Do you need basic management or do you want to take it to the next level?,www.google.co.in
SEPTEMBER,10,2018,Incridea,We manage your social media so that you can focus on your business. We have two sets of packages to help entrepreneurs in different stages of their business. Do you need basic management or do you want to take it to the next level?,www.google.co.in
SEPTEMBER,10,2018,Incridea,We manage your social media so that you can focus on your business. We have two sets of packages to help entrepreneurs in different stages of their business. Do you need basic management or do you want to take it to the next level?,www.google.co.in
SEPTEMBER,10,2018,Incridea,We manage your social media so that you can focus on your business. We have two sets of packages to help entrepreneurs in different stages of their business. Do you need basic management or do you want to take it to the next level?,www.google.co.in
SEPTEMBER,10,2018,Incridea,We manage your social media so that you can focus on your business. We have two sets of packages to help entrepreneurs in different stages of their business. Do you need basic management or do you want to take it to the next level?,www.google.co.in
SEPTEMBER,10,2018,Incridea,We manage your social media so that you can focus on your business. We have two sets of packages to help entrepreneurs in different stages of their business. Do you need basic management or do you want to take it to the next level?,www.google.co.in
SEPTEMBER,10,2018,Incridea,We manage your social media so that you can focus on your business. We have two sets of packages to help entrepreneurs in different stages of their business. Do you need basic management or do you want to take it to the next level?,www.google.co.in
